INSERT INTO flugzeug (id, model)
VALUES
    ('00000000-0000-0000-0000-000000000001', 'Boeing 737'),
    ('00000000-0000-0000-0000-000000000002', 'Airbus A320'),
    ('00000000-0000-0000-0000-000000000003', 'Embraer E190'),
    ('00000000-0000-0000-0000-000000000004', 'Boeing 747'),
    ('00000000-0000-0000-0000-000000000005', 'Airbus A380'),
    ('00000000-0000-0000-0000-000000000006', 'Boeing 777'),
    ('00000000-0000-0000-0000-000000000007', 'Airbus A350');

INSERT INTO flug (id,hotel_id, version, start_flughafen, ziel_flughafen, flugzeug_id, status, erzeugt, aktualisiert)
VALUES
    ('00000000-0000-0000-0000-000000000010','10000000-0000-0000-0000-000000000000', 0, 'Flughafen Aachen', 'Flughafen Augsburg', '00000000-0000-0000-0000-000000000001', 'GESTARTET', '2022-01-31 00:00:00', '2022-01-31 00:00:00'),
    ('00000000-0000-0000-0000-000000000011', '10000000-0000-0000-0000-000000000001',0, 'Flughafen Augsburg', 'Flughafen Aalen', '00000000-0000-0000-0000-000000000002', 'GESTARTET', '2022-01-01 00:00:00', '2022-01-01 00:00:00'),
    ('00000000-0000-0000-0000-000000000012','10000000-0000-0000-0000-000000000002', 0, 'Flughafen Aalen', 'Flughafen Ahlen', '00000000-0000-0000-0000-000000000003', 'GESTARTET', '2022-01-02 00:00:00', '2022-01-02 00:00:00'),
    ('00000000-0000-0000-0000-000000000013','10000000-0000-0000-0000-000000000003', 0, 'Flughafen Ahlen', 'Flughafen Dortmund', '00000000-0000-0000-0000-000000000004', 'GESTARTET', '2022-01-03 00:00:00', '2022-01-03 00:00:00'),
    ('00000000-0000-0000-0000-000000000014','10000000-0000-0000-0000-000000000004', 0, 'Flughafen Dortmund', 'Flughafen Essen', '00000000-0000-0000-0000-000000000005', 'GESTARTET', '2022-01-04 00:00:00', '2022-01-04 00:00:00'),
    ('00000000-0000-0000-0000-000000000015','10000000-0000-0000-0000-000000000004', 0, 'Flughafen Essen', 'Flughafen Freiburg', '00000000-0000-0000-0000-000000000006', 'GESTARTET', '2022-01-05 00:00:00', '2022-01-05 00:00:00'),
    ('00000000-0000-0000-0000-000000000016','10000000-0000-0000-0000-000000000004', 0, 'Flughafen Freiburg', 'Flughafen Aachen', '00000000-0000-0000-0000-000000000007', 'GESTARTET', '2022-01-06 00:00:00', '2022-01-06 00:00:00');

INSERT INTO buchung (id, nachname, flug_id, idx, zeitpunkt)
VALUES
    ('00000000-0000-0000-0000-000000000017', 'Müller', '00000000-0000-0000-0000-000000000010', 0, '2022-01-31 12:00:00'),
    ('00000000-0000-0000-0000-000000000018', 'Schmidt', '00000000-0000-0000-0000-000000000011', 0, '2022-01-01 12:00:00'),
    ('00000000-0000-0000-0000-000000000019', 'Schneider', '00000000-0000-0000-0000-000000000011', 0, '2022-01-01 13:00:00'),
    ('00000000-0000-0000-0000-000000000020', 'Fischer', '00000000-0000-0000-0000-000000000012', 0, '2022-01-02 12:00:00'),
    ('00000000-0000-0000-0000-000000000021', 'Weber', '00000000-0000-0000-0000-000000000013', 0, '2022-01-03 12:00:00'),
    ('00000000-0000-0000-0000-000000000022', 'Meyer', '00000000-0000-0000-0000-000000000013', 0, '2022-01-03 13:00:00'),
    ('00000000-0000-0000-0000-000000000023', 'Wagner', '00000000-0000-0000-0000-000000000014', 1, '2022-01-04 12:00:00');

